0,1,2,3,4,5,6,7,8,9,10,11,12,13,14,15,16,17,18,19,20
zentrum,kraftfahrzeuge insgesamt,2447,2346,2192,2033,2010,1985,1823,1774,1746,1697,1753,1762,1733,1771,1777,1993,1963,1935,1878
zentrum ost,kraftfahrzeuge insgesamt,2533,2194,1929,1593,1507,1477,1528,1556,1673,1798,1923,1993,2255,2193,2275,2346,2390,2555,2604
zentrum sdost,kraftfahrzeuge insgesamt,3100,3091,3163,3188,3228,3294,3118,3106,3303,3353,3460,3532,3470,3212,3297,3433,3657,3790,3942
zentrum sd,kraftfahrzeuge insgesamt,3522,3445,3523,3652,3742,3918,3929,4060,4177,4357,4438,4716,4975,5668,6017,6232,6515,6935,7134
zentrum west,kraftfahrzeuge insgesamt,2722,2701,2695,2747,2834,3018,2871,3029,3146,3267,3386,3500,3593,3714,3804,3857,3918,3895,3963
zentrum nordwest,kraftfahrzeuge insgesamt,2597,2786,2952,3081,3191,3361,3269,3353,3478,3591,3751,3883,3928,3921,3995,3962,4046,4060,4049
zentrum nord,kraftfahrzeuge insgesamt,2872,2796,2782,2755,2846,2933,2857,2982,3071,3154,3262,3336,3452,3447,3642,3629,3663,3696,3789
schnefeld abtnaundorf,kraftfahrzeuge insgesamt,3425,3382,3404,3403,3391,3440,3054,3173,3302,3451,3589,3647,3745,3848,3950,4063,4130,4263,4246
schnefeld ost,kraftfahrzeuge insgesamt,4954,4800,4768,4756,4722,4880,4599,4597,4662,4708,4731,4476,4445,4428,4586,4665,4717,4763,4840
mockau sd,kraftfahrzeuge insgesamt,1625,1627,1615,1650,1671,1667,1498,1495,1477,1560,1632,1683,1698,1740,1766,1867,1974,2069,2131
mockau nord,kraftfahrzeuge insgesamt,5280,5199,5220,5201,5182,5206,4735,4740,4813,4865,4830,4933,4977,5141,5184,5252,5243,5296,5336
thekla,kraftfahrzeuge insgesamt,2744,2821,2842,2855,2895,2882,2692,2732,2820,2834,2832,2883,2895,2935,3006,3042,3075,3136,3202
plauig portitz,kraftfahrzeuge insgesamt,1919,1957,1949,1950,1982,2006,1890,1905,2002,1991,2001,1992,2022,2015,2065,2086,2076,2098,2159
neustadt neuschnefeld,kraftfahrzeuge insgesamt,2598,2527,2486,2481,2449,2516,2116,2138,2218,2274,2308,2383,2502,2619,2713,2829,2943,2928,3016
volkmarsdorf,kraftfahrzeuge insgesamt,2466,2370,2480,2500,2349,2406,1889,1907,2087,1959,1992,1980,2061,2187,2227,2348,2431,2601,2709
anger crottendorf,kraftfahrzeuge insgesamt,2862,3055,3139,3112,3173,3291,2945,2854,2982,3071,3147,3258,3354,3446,3553,3659,3777,3798,3848
sellerhausen stnz,kraftfahrzeuge insgesamt,3108,3164,3221,3283,3299,3386,3159,3178,3226,3343,3380,3425,3471,3779,3968,3989,4172,4140,4235
paunsdorf,kraftfahrzeuge insgesamt,7022,6792,6691,6646,6184,6302,5903,5915,5789,5858,5790,5743,5669,5621,5535,5509,5352,5406,5391
heiterblick,kraftfahrzeuge insgesamt,1820,1937,2050,2177,2288,2384,2522,2567,2653,2615,2724,2747,2843,2844,2936,2891,2995,3146,3211
mlkau,kraftfahrzeuge insgesamt,3462,3661,3788,3850,3870,3857,3517,3548,3635,3719,3708,3709,3744,3827,3890,3911,3974,3985,4037
engelsdorf,kraftfahrzeuge insgesamt,3963,4314,4563,4748,4894,5165,4784,4941,5120,5209,5373,5417,5398,5627,5786,5886,5901,5988,6037
baalsdorf,kraftfahrzeuge insgesamt,859,941,978,1031,1039,1076,1009,1042,1073,1109,1146,1179,1227,1247,1265,1248,1277,1321,1376
althen kleinpsna,kraftfahrzeuge insgesamt,1333,1369,1402,1455,1513,1521,1422,1463,1525,1529,1547,1548,1547,1607,1645,1682,1720,1713,1720
reudnitz thonberg,kraftfahrzeuge insgesamt,5286,5197,5205,5229,5118,5313,4941,5099,5202,5341,5487,5635,5793,5904,5941,6077,6228,6334,6357
sttteritz,kraftfahrzeuge insgesamt,5062,5239,5449,5595,5670,5876,5499,5631,5754,5927,6117,6261,6452,6616,6764,6971,7087,7356,7490
probstheida,kraftfahrzeuge insgesamt,2306,2382,2500,2664,2768,2843,2586,2619,2658,2688,2657,2770,2824,2885,3029,3081,3139,3183,3271
meusdorf,kraftfahrzeuge insgesamt,1950,1965,2009,2042,2041,2096,1876,1889,1864,1885,1919,1942,1950,1961,1939,1969,1978,1979,2011
liebertwolkwitz,kraftfahrzeuge insgesamt,2722,2882,2999,3094,3148,3262,3048,3083,3100,3181,3209,3289,3320,3356,3435,3460,3537,3607,3681
holzhausen,kraftfahrzeuge insgesamt,4331,4150,4037,4135,4203,4303,3827,3841,3900,3905,3965,3998,4041,4160,4223,4278,4321,4438,4472
sdvorstadt,kraftfahrzeuge insgesamt,6336,6451,6640,6829,7009,7162,6837,7073,7352,7554,7756,7989,8157,8318,8445,8631,8743,8690,8697
connewitz,kraftfahrzeuge insgesamt,4952,5104,5181,5216,5291,5529,5268,5517,5709,5784,5948,6087,6276,6341,6445,6700,6773,6906,7020
marienbrunn,kraftfahrzeuge insgesamt,2414,2424,2417,2461,2377,2399,2311,2417,2457,2460,2484,2532,2541,2622,2635,2671,2644,2680,2666
lnig,kraftfahrzeuge insgesamt,4022,3979,3938,3869,3918,4044,3802,3770,3879,3949,3957,3971,3942,3973,3932,3955,3937,3912,3931
dlitz dsen,kraftfahrzeuge insgesamt,1695,1689,1773,1791,1815,1860,1760,1866,1974,2033,2089,2146,2214,2272,2337,2395,2451,2476,2481
schleuig,kraftfahrzeuge insgesamt,3366,3446,3634,3691,3875,4134,3900,3993,4162,4293,4376,4466,4466,4429,4424,4516,4531,4527,4567
plagwitz,kraftfahrzeuge insgesamt,3695,3707,3818,3830,3899,4179,3855,4097,4199,4226,4470,4612,4906,5003,5249,5493,5641,5923,6138
kleinzschocher,kraftfahrzeuge insgesamt,2802,2839,2852,2907,2935,3082,2751,2716,2814,2946,3026,3111,3130,3236,3319,3443,3560,3652,3709
grozschocher,kraftfahrzeuge insgesamt,4152,4171,4181,4281,4386,4377,4106,4162,4237,4337,4399,4433,4497,4522,4640,4655,4726,4809,4837
knautkleeberg knauthain,kraftfahrzeuge insgesamt,2776,2867,2980,3150,3263,3411,3097,3131,3140,3179,3252,3263,3327,3345,3420,3480,3556,3622,3668
hartmannsdorf knautnaundorf,kraftfahrzeuge insgesamt,857,919,953,974,947,987,908,951,979,994,1006,1030,1047,1094,1097,1092,1109,1128,1148
schnau,kraftfahrzeuge insgesamt,2005,1910,1842,1917,1998,2017,1967,2012,2030,2062,2038,1929,1886,1934,1926,1963,1957,2012,2074
grnau ost,kraftfahrzeuge insgesamt,3493,3381,3327,3304,3292,3326,3036,2946,2957,2923,2868,2814,2786,2732,2720,2714,2686,2680,2664
grnau mitte,kraftfahrzeuge insgesamt,4971,4764,4585,4433,4404,4460,3962,3892,3883,3870,3875,3901,3843,3882,3752,3770,3745,3816,3901
grnau siedlung,kraftfahrzeuge insgesamt,2046,2176,2294,2442,2439,2455,2261,2224,2217,2230,2282,2258,2243,2275,2242,2277,2355,2557,2533
lausen grnau,kraftfahrzeuge insgesamt,6251,5956,5776,5600,5508,5406,4842,4726,4687,4676,4635,4666,4779,4873,4951,5024,5025,5052,5077
grnau nord,kraftfahrzeuge insgesamt,3634,3477,3265,3167,3050,2981,2616,2543,2585,2583,2611,2613,2618,2627,2628,2643,2639,2695,2743
miltitz,kraftfahrzeuge insgesamt,1145,1122,1152,1185,1225,1264,1129,1150,1157,1138,1154,1172,1171,1187,1193,1217,1276,1284,1282
lindenau,kraftfahrzeuge insgesamt,1606,1623,1647,1695,1776,1794,1436,1469,1611,1703,1780,1859,2008,2062,2218,2331,2395,2401,2486
altlindenau,kraftfahrzeuge insgesamt,3903,3788,3817,3913,3939,3993,3475,3560,3599,3664,3789,3964,4162,4355,4579,4787,4957,5084,5333
neulindenau,kraftfahrzeuge insgesamt,2788,2949,3032,3108,3333,3367,3201,3182,3266,3376,3520,3636,3642,3863,4109,4254,4292,4325,4429
leutzsch,kraftfahrzeuge insgesamt,3927,3847,3898,3974,3967,3928,3659,3770,3898,4071,4244,4353,4425,4615,4732,4837,4828,4869,4881
bhlitz ehrenberg,kraftfahrzeuge insgesamt,5210,5095,5070,5145,5231,5411,4907,4982,5122,5114,5190,5322,5364,5467,5543,5601,5757,5789,5841
burghausen rckmarsdorf,kraftfahrzeuge insgesamt,2802,2961,3139,3272,3399,3382,3161,3149,3236,3321,3411,3578,3619,3706,3787,3784,3780,3813,3812
mckern,kraftfahrzeuge insgesamt,4856,4926,4927,4964,4933,5030,4552,4694,4788,4814,4922,5075,5154,5181,5315,5445,5698,5847,6051
wahren,kraftfahrzeuge insgesamt,2552,2599,2671,2719,2802,2800,2550,2596,2636,2703,2772,2886,3009,3094,3159,3245,3331,3366,3370
ltzschena stahmeln,kraftfahrzeuge insgesamt,3111,3499,3956,4235,4261,4359,4380,4127,3953,3907,3819,3764,3695,3623,3679,3720,3884,3925,3973
lindenthal,kraftfahrzeuge insgesamt,3231,3379,3463,3543,3561,3670,3474,3498,3588,3733,3801,3892,3930,4008,4098,4227,4296,4360,4424
gohlis sd,kraftfahrzeuge insgesamt,4726,4932,5216,5390,5720,6069,5610,5829,6238,6494,6727,6917,7061,7204,7250,7408,7519,7496,7470
gohlis mitte,kraftfahrzeuge insgesamt,4893,5048,5275,5426,5565,5690,5243,5372,5521,5751,6019,6257,6520,6683,6798,6803,7032,7180,7258
gohlis nord,kraftfahrzeuge insgesamt,3232,3232,3245,3299,3300,3317,3117,3131,3156,3204,3252,3241,3279,3305,3360,3449,3489,3541,3602
eutritzsch,kraftfahrzeuge insgesamt,6435,6256,5963,5999,6422,6701,6334,6575,6625,6909,7130,7498,7795,8048,8511,8664,9115,9332,9591
seehausen,kraftfahrzeuge insgesamt,1611,1697,1721,1733,2163,2283,2076,2057,2115,2128,2258,2116,2508,2746,2911,3111,3321,3592,3701
wiederitzsch,kraftfahrzeuge insgesamt,4116,4321,4395,4601,4795,4958,4558,4729,4865,5082,5223,5428,5618,5691,5570,5560,5751,5951,6046
mitte,kraftfahrzeuge insgesamt,19793,19359,19236,19049,19358,19986,19395,19860,20594,21217,21973,22722,23406,23926,24807,25452,26152,26866,27359
nordost,kraftfahrzeuge insgesamt,19947,19786,19798,19815,19843,20081,18468,18642,19076,19409,19615,19614,19782,20107,20557,20975,21215,21625,21914
ost,kraftfahrzeuge insgesamt,29493,30130,30798,31283,31058,31904,29266,29553,30308,30686,31115,31389,31816,32804,33518,33952,34542,35026,35580
sdost,kraftfahrzeuge insgesamt,21657,21815,22199,22759,22948,23693,21777,22162,22478,22927,23354,23895,24380,24882,25331,25836,26290,26897,27282
sd,kraftfahrzeuge insgesamt,19419,19647,19949,20166,20410,20994,19978,20643,21371,21780,22234,22725,23130,23526,23794,24352,24548,24664,24795
sdwest,kraftfahrzeuge insgesamt,17648,17949,18418,18833,19305,20170,18617,19050,19531,19975,20529,20915,21373,21629,22149,22679,23123,23661,24067
west,kraftfahrzeuge insgesamt,23545,22786,22241,22048,21916,21909,19813,19493,19516,19482,19463,19353,19326,19510,19412,19608,19683,20096,20274
alt west,kraftfahrzeuge insgesamt,20236,20263,20603,21107,21645,21875,19839,20112,20732,21249,21934,22712,23220,24068,24968,25594,26009,26281,26782
nordwest,kraftfahrzeuge insgesamt,13750,14403,15017,15461,15557,15859,14956,14915,14965,15157,15314,15617,15788,15906,16251,16637,17209,17498,17818
nord,kraftfahrzeuge insgesamt,25013,25486,25815,26448,27965,29018,26938,27693,28520,29568,30609,31457,32781,33677,34400,34995,36227,37092,37668
stadt leipzig,kraftfahrzeuge insgesamt,216275,0,218808,222167,223589,226273,210188,212868,217747,221915,226605,230691,235170,240178,245315,250184,255091,259804,263627
zentrum,pkw,1503,1458,1322,1212,1236,1213,1143,1115,1140,1123,1212,1244,1241,1295,1325,1508,1494,1467,1425
zentrum ost,pkw,1455,1409,1333,1248,1254,1236,1324,1320,1420,1497,1600,1659,1712,1772,1855,1895,1941,2095,2143
zentrum sdost,pkw,2748,2735,2828,2855,2902,2997,2833,2816,2974,3024,3118,3185,3160,2882,2968,3064,3255,3350,3484
zentrum sd,pkw,3042,3033,3119,3240,3342,3526,3482,3596,3710,3888,3958,4190,4521,5144,5444,5608,5798,6125,6263
zentrum west,pkw,2403,2410,2434,2501,2584,2740,2594,2722,2842,2955,3064,3139,3228,3336,3414,3447,3501,3511,3549
zentrum nordwest,pkw,2293,2483,2630,2771,2881,3041,2980,3057,3172,3287,3407,3521,3582,3590,3650,3612,3668,3684,3697
zentrum nord,pkw,2449,2382,2387,2390,2489,2604,2503,2622,2675,2770,2872,2930,3005,3062,3227,3181,3231,3271,3332
schnefeld abtnaundorf,pkw,3090,3072,3094,3109,3126,3188,2817,2914,3025,3183,3334,3376,3475,3571,3652,3754,3802,3872,3863
schnefeld ost,pkw,4360,4295,4270,4301,4279,4427,4146,4113,4137,4170,4141,3850,3829,3803,3886,3932,3940,3945,3957
mockau sd,pkw,1464,1464,1467,1494,1509,1493,1345,1334,1314,1392,1453,1504,1515,1547,1574,1640,1701,1766,1807
mockau nord,pkw,4811,4735,4737,4723,4716,4732,4291,4274,4346,4395,4384,4489,4523,4624,4641,4682,4647,4691,4706
thekla,pkw,2437,2499,2515,2534,2571,2551,2365,2394,2456,2481,2468,2507,2510,2564,2594,2611,2625,2682,2735
plauig portitz,pkw,1581,1623,1615,1597,1630,1663,1537,1544,1628,1625,1640,1631,1650,1633,1675,1693,1688,1700,1746
neustadt neuschnefeld,pkw,2351,2281,2241,2238,2220,2274,1894,1914,1977,2051,2083,2136,2244,2340,2424,2521,2600,2595,2658
volkmarsdorf,pkw,2203,2108,2224,2255,2115,2168,1655,1687,1846,1708,1740,1733,1789,1896,1928,2028,2100,2225,2326
anger crottendorf,pkw,2629,2807,2890,2877,2928,3047,2731,2636,2733,2812,2890,2982,3069,3154,3243,3339,3450,3452,3468
sellerhausen stnz,pkw,2859,2911,2989,3044,3068,3144,2889,2862,2877,2952,2984,2996,3020,3275,3421,3423,3590,3551,3639
paunsdorf,pkw,6448,6244,6160,6131,5742,5827,5432,5426,5313,5363,5276,5221,5146,5095,5053,5029,4912,4948,4925
heiterblick,pkw,1697,1804,1915,2022,2132,2221,2324,2369,2460,2407,2491,2494,2580,2574,2657,2583,2655,2792,2863
mlkau,pkw,3039,3150,3260,3309,3347,3375,3096,3101,3147,3195,3185,3195,3208,3251,3300,3294,3340,3354,3357
engelsdorf,pkw,3349,3612,3819,3956,4128,4375,4056,4200,4347,4432,4572,4597,4593,4798,4938,5005,5021,5092,5120
baalsdorf,pkw,705,780,806,848,860,897,855,882,909,953,975,1001,1039,1048,1066,1054,1082,1110,1144
althen kleinpsna,pkw,1035,1045,1067,1125,1174,1181,1105,1131,1172,1178,1214,1203,1199,1246,1262,1283,1317,1292,1319
reudnitz thonberg,pkw,4620,4603,4629,4649,4534,4699,4337,4461,4566,4683,4801,4942,5080,5183,5271,5406,5530,5602,5608
sttteritz,pkw,4562,4737,4924,5087,5178,5361,4989,5086,5170,5289,5456,5588,5785,5931,6046,6204,6314,6548,6660
probstheida,pkw,2105,2186,2305,2456,2533,2606,2398,2433,2453,2483,2453,2563,2601,2650,2770,2819,2879,2898,2971
meusdorf,pkw,1698,1711,1754,1788,1795,1842,1638,1644,1626,1647,1671,1679,1688,1696,1668,1686,1697,1699,1724
liebertwolkwitz,pkw,2395,2552,2650,2711,2752,2848,2631,2638,2663,2727,2752,2809,2850,2860,2920,2930,2979,3032,3094
holzhausen,pkw,3636,3521,3444,3521,3606,3724,3289,3305,3342,3335,3398,3408,3455,3537,3588,3628,3651,3742,3770
sdvorstadt,pkw,5727,5832,5980,6123,6344,6509,6199,6389,6629,6853,7055,7249,7418,7534,7646,7820,7906,7823,7842
connewitz,pkw,4438,4562,4619,4644,4762,4965,4684,4870,5051,5133,5302,5424,5600,5667,5775,5938,5980,6060,6155
marienbrunn,pkw,2243,2252,2253,2295,2218,2241,2152,2250,2285,2284,2307,2337,2343,2418,2438,2455,2431,2457,2443
lnig,pkw,3792,3736,3693,3621,3687,3813,3567,3559,3668,3742,3742,3757,3731,3753,3714,3727,3699,3664,3670
dlitz dsen,pkw,1520,1518,1596,1618,1638,1672,1565,1655,1743,1796,1847,1903,1954,2018,2086,2139,2191,2200,2197
schleuig,pkw,3018,3123,3300,3345,3547,3791,3584,3645,3800,3936,4013,4103,4105,4074,4054,4122,4128,4113,4128
plagwitz,pkw,3173,3200,3321,3369,3490,3751,3460,3667,3760,3772,3989,4108,4350,4448,4648,4847,4959,5152,5324
kleinzschocher,pkw,2575,2613,2616,2663,2699,2830,2542,2483,2550,2650,2724,2773,2802,2886,2953,3076,3181,3281,3309
grozschocher,pkw,3650,3690,3722,3800,3892,3878,3627,3673,3739,3816,3870,3890,3933,3942,4009,4022,4073,4123,4154
knautkleeberg knauthain,pkw,2433,2495,2577,2711,2809,2910,2647,2668,2681,2704,2772,2778,2819,2820,2869,2935,2992,3045,3075
hartmannsdorf knautnaundorf,pkw,674,710,731,766,749,783,715,746,763,766,777,784,796,824,831,818,827,840,848
schnau,pkw,1841,1772,1718,1785,1843,1863,1813,1847,1846,1880,1851,1755,1704,1756,1750,1786,1795,1852,1908
grnau ost,pkw,3356,3255,3193,3176,3165,3197,2906,2816,2819,2781,2723,2672,2651,2589,2580,2577,2549,2545,2533
grnau mitte,pkw,4726,4524,4383,4241,4206,4258,3781,3720,3699,3700,3722,3727,3665,3699,3584,3603,3572,3639,3730
grnau siedlung,pkw,1851,1961,2076,2218,2214,2220,2022,1992,1974,1967,2009,1989,1979,2009,1985,2006,2071,2256,2242
lausen grnau,pkw,5955,5666,5507,5329,5246,5147,4607,4468,4424,4432,4391,4424,4527,4617,4678,4737,4738,4759,4773
grnau nord,pkw,3475,3322,3126,3042,2921,2849,2501,2422,2457,2454,2490,2491,2497,2513,2503,2525,2514,2576,2607
miltitz,pkw,992,977,999,1028,1071,1113,982,993,996,982,1007,1025,1027,1043,1052,1063,1108,1111,1116
lindenau,pkw,1419,1448,1468,1513,1566,1586,1270,1289,1423,1502,1571,1661,1793,1837,1963,2070,2123,2109,2176
altlindenau,pkw,3488,3398,3467,3542,3581,3633,3168,3245,3271,3316,3419,3579,3743,3919,4117,4311,4433,4549,4767
neulindenau,pkw,2379,2432,2469,2487,2700,2706,2551,2512,2600,2693,2805,2907,2897,3065,3306,3432,3427,3445,3503
leutzsch,pkw,3447,3375,3410,3498,3509,3484,3225,3289,3407,3563,3710,3797,3866,4041,4130,4211,4200,4234,4219
bhlitz ehrenberg,pkw,4545,4493,4454,4520,4616,4774,4314,4381,4510,4535,4623,4763,4802,4882,4936,4977,5081,5098,5130
burghausen rckmarsdorf,pkw,2500,2636,2793,2889,3010,2996,2802,2786,2880,2946,3032,3162,3175,3219,3289,3270,3231,3241,3246
mckern,pkw,4433,4512,4522,4530,4498,4600,4159,4282,4346,4379,4497,4641,4724,4746,4859,4985,5215,5362,5532
wahren,pkw,2295,2335,2414,2467,2543,2537,2309,2355,2390,2467,2515,2614,2726,2800,2843,2906,2979,3019,3009
ltzschena stahmeln,pkw,2059,2199,2286,2363,2393,2421,2221,2277,2268,2331,2341,2358,2385,2406,2491,2508,2537,2600,2643
lindenthal,pkw,2856,2951,3005,3062,3059,3178,3023,3034,3095,3195,3264,3349,3385,3430,3501,3604,3647,3688,3745
gohlis sd,pkw,4272,4426,4715,4890,5217,5549,5094,5303,5664,5900,6143,6301,6439,6558,6586,6719,6815,6803,6786
gohlis mitte,pkw,4471,4622,4864,5010,5152,5263,4823,4956,5070,5286,5514,5741,5988,6124,6232,6234,6442,6547,6573
gohlis nord,pkw,3092,3085,3085,3128,3124,3130,2937,2959,2995,3037,3091,3068,3097,3101,3157,3266,3296,3331,3388
eutritzsch,pkw,5131,5010,4764,4811,5235,5415,4839,5029,5166,5429,5551,5993,6155,6345,6742,6815,7150,7224,7339
seehausen,pkw,1323,1391,1428,1461,1867,2006,1794,1768,1824,1828,1971,1782,2159,2369,2544,2774,2974,3243,3345
wiederitzsch,pkw,3570,3778,3879,4040,4231,4393,4008,4130,4240,4435,4534,4689,4876,4883,4812,4826,5005,5172,5210
mitte,pkw,15893,15910,16053,16217,16688,17357,16859,17248,17933,18544,19231,19868,20449,21081,21883,22315,22888,23503,23893
nordost,pkw,17743,17688,17698,17758,17831,18054,16501,16573,16906,17246,17420,17357,17502,17742,18022,18312,18403,18656,18814
ost,pkw,26315,26742,27371,27805,27714,28509,26037,26208,26781,27051,27410,27558,27887,28677,29292,29559,30067,30411,30819
sdost,pkw,19016,19310,19706,20212,20398,21080,19282,19567,19820,20164,20531,20989,21459,21857,22263,22673,23050,23521,23827
sd,pkw,17720,17900,18141,18301,18649,19200,18167,18723,19376,19808,20253,20670,21046,21390,21659,22079,22207,22204,22307
sdwest,pkw,15523,15831,16267,16654,17186,17943,16575,16882,17293,17644,18145,18436,18805,18994,19364,19820,20160,20554,20838
west,pkw,22196,21477,21002,20819,20666,20647,18612,18258,18215,18196,18193,18083,18050,18226,18132,18297,18347,18738,18909
alt west,pkw,17778,17782,18061,18449,18982,19179,17330,17502,18091,18555,19160,19869,20276,20963,21741,22271,22495,22676,23041
nordwest,pkw,11643,11997,12227,12422,12493,12736,11712,11948,12099,12372,12617,12962,13220,13382,13694,14003,14378,14669,14929
nord,pkw,21859,22312,22735,23340,24826,25756,23495,24145,24959,25915,26804,27574,28714,29380,30073,30634,31682,32320,32641
stadt leipzig,pkw,189885,0,192558,195716,198232,201101,185475,187618,191977,195843,200112,203572,207526,211787,216206,220026,223733,227314,230074
zentrum,privat pkw,462,459,430,406,414,424,411,413,432,416,440,426,438,441,408,425,371,372,342
zentrum ost,privat pkw,710,755,747,721,778,829,856,916,988,1023,1061,1099,1137,1207,1215,1231,1239,1345,1408
zentrum sdost,privat pkw,2369,2363,2322,2339,2374,2486,2152,2148,2202,2207,2245,2263,2305,2331,2364,2498,2545,2631,2679
zentrum sd,privat pkw,2676,2701,2808,2901,2969,3156,2876,2991,3072,3217,3305,3504,3643,3729,3880,3957,3841,3895,3881
zentrum west,privat pkw,2113,2102,2152,2193,2305,2443,2233,2340,2452,2559,2673,2692,2754,2872,2937,2982,2936,2945,2969
zentrum nordwest,privat pkw,1949,2152,2250,2385,2482,2638,2606,2678,2829,2941,3042,3125,3225,3272,3330,3308,3256,3280,3287
zentrum nord,privat pkw,1983,1924,1937,1982,2060,2171,2029,2063,2128,2235,2309,2365,2438,2585,2669,2686,2653,2665,2648
schnefeld abtnaundorf,privat pkw,2993,2983,3007,3015,3042,3121,2785,2866,2974,3129,3277,3321,3421,3516,3602,3702,3693,3750,3727
schnefeld ost,privat pkw,3739,3700,3695,3754,3765,3892,3649,3586,3552,3555,3473,3428,3396,3362,3368,3385,3311,3268,3255
mockau sd,privat pkw,1429,1429,1441,1460,1465,1448,1308,1300,1281,1357,1416,1463,1473,1505,1523,1584,1628,1671,1685
mockau nord,privat pkw,4717,4645,4657,4645,4631,4641,4210,4187,4251,4302,4346,4445,4468,4539,4559,4584,4404,4456,4479
thekla,privat pkw,2378,2435,2463,2477,2503,2500,2319,2353,2414,2445,2420,2446,2447,2487,2547,2574,2479,2531,2558
plauig portitz,privat pkw,1488,1533,1542,1528,1556,1565,1433,1438,1493,1482,1502,1501,1531,1534,1560,1579,1512,1523,1562
neustadt neuschnefeld,privat pkw,2157,2114,2090,2104,2095,2134,1774,1776,1835,1897,1919,1966,2074,2187,2257,2364,2390,2394,2454
volkmarsdorf,privat pkw,1987,1912,1883,1885,1934,2004,1537,1528,1559,1517,1554,1587,1674,1774,1798,1898,1952,2063,2166
anger crottendorf,privat pkw,2567,2723,2811,2805,2848,2971,2621,2567,2666,2748,2816,2903,2970,3051,3143,3251,3284,3312,3320
sellerhausen stnz,privat pkw,2748,2776,2865,2916,2936,2968,2742,2720,2765,2823,2843,2858,2901,3087,3225,3231,3252,3284,3341
paunsdorf,privat pkw,5627,5468,5408,5419,5418,5514,4890,4877,4849,4869,4799,4760,4700,4641,4642,4628,4588,4598,4598
heiterblick,privat pkw,1456,1542,1637,1702,1738,1824,1739,1756,1799,1816,1863,1905,1906,1799,1815,1841,1820,1845,1849
mlkau,privat pkw,2886,2967,3080,3115,3161,3228,2958,2971,3014,3063,3053,3055,3073,3122,3178,3169,3041,3033,3030
engelsdorf,privat pkw,3080,3316,3489,3623,3739,3919,3627,3710,3843,3969,4051,4125,4194,4420,4566,4624,4507,4588,4625
baalsdorf,privat pkw,611,687,720,757,773,821,776,806,833,881,912,924,960,965,983,976,962,991,1021
althen kleinpsna,privat pkw,1005,1018,1035,1091,1139,1154,1077,1096,1133,1137,1166,1151,1153,1198,1201,1215,1198,1172,1211
reudnitz thonberg,privat pkw,4157,4178,4218,4251,4185,4377,4026,4137,4238,4332,4465,4583,4661,4806,4934,5067,5127,5185,5215
sttteritz,privat pkw,4337,4516,4692,4862,4963,5148,4797,4883,4970,5104,5273,5405,5527,5667,5781,5929,5889,6114,6168
probstheida,privat pkw,1958,2049,2186,2361,2443,2466,2300,2347,2381,2407,2402,2478,2501,2539,2616,2659,2655,2674,2714
meusdorf,privat pkw,1659,1679,1721,1758,1760,1803,1608,1614,1603,1625,1653,1659,1664,1668,1640,1656,1614,1619,1647
liebertwolkwitz,privat pkw,2225,2366,2451,2524,2578,2668,2479,2474,2505,2536,2566,2625,2656,2655,2707,2722,2624,2675,2744
holzhausen,privat pkw,3440,3394,3381,3409,3475,3601,3186,3201,3253,3247,3308,3318,3369,3454,3506,3546,3373,3458,3497
sdvorstadt,privat pkw,5320,5425,5600,5726,5952,6113,5843,6026,6245,6468,6673,6844,7007,7105,7208,7317,7215,7164,7220
connewitz,privat pkw,4187,4329,4427,4453,4583,4790,4504,4663,4834,4914,5068,5193,5337,5400,5495,5634,5563,5628,5690
marienbrunn,privat pkw,2177,2142,2129,2105,2123,2146,2056,2162,2176,2206,2217,2240,2275,2356,2382,2356,2305,2326,2338
lnig,privat pkw,3770,3714,3670,3595,3661,3759,3504,3486,3593,3666,3658,3660,3647,3661,3629,3637,3573,3532,3532
dlitz dsen,privat pkw,1477,1484,1558,1566,1575,1590,1509,1609,1697,1755,1802,1859,1906,1968,2022,2063,2046,2056,2044
schleuig,privat pkw,2930,3052,3220,3264,3458,3696,3494,3553,3711,3836,3905,3981,3968,3933,3907,3965,3814,3791,3798
plagwitz,privat pkw,2670,2722,2844,2879,2951,3188,2959,3163,3307,3342,3535,3651,3883,3949,4142,4304,4291,4375,4499
kleinzschocher,privat pkw,2346,2380,2437,2439,2464,2539,2320,2350,2391,2502,2583,2650,2701,2780,2832,2948,2994,3089,3107
grozschocher,privat pkw,3433,3479,3528,3624,3713,3697,3473,3482,3532,3615,3667,3693,3727,3747,3825,3823,3785,3842,3839
knautkleeberg knauthain,privat pkw,2240,2303,2404,2530,2597,2711,2539,2548,2597,2618,2685,2689,2728,2739,2784,2824,2761,2845,2876
hartmannsdorf knautnaundorf,privat pkw,624,655,673,707,701,722,654,683,692,706,703,710,720,733,741,732,713,724,728
schnau,privat pkw,1793,1731,1676,1731,1767,1790,1654,1684,1668,1670,1649,1564,1517,1545,1563,1595,1592,1657,1735
grnau ost,privat pkw,3333,3242,3178,3159,3151,3182,2893,2803,2808,2769,2712,2663,2638,2578,2567,2564,2516,2510,2491
grnau mitte,privat pkw,4568,4387,4261,4133,4094,4146,3750,3686,3673,3677,3699,3703,3643,3680,3568,3588,3512,3579,3668
grnau siedlung,privat pkw,1819,1932,2048,2188,2174,2153,1983,1968,1951,1947,1987,1967,1958,1984,1955,1967,1890,1895,1877
lausen grnau,privat pkw,5937,5646,5483,5306,5230,5128,4593,4459,4413,4419,4377,4413,4509,4596,4651,4711,4631,4661,4659
grnau nord,privat pkw,3453,3300,3108,3026,2904,2832,2490,2411,2447,2445,2482,2484,2489,2504,2493,2510,2484,2545,2566
miltitz,privat pkw,942,927,946,965,1011,1052,930,944,946,933,957,974,978,991,997,1006,1024,1032,1039
lindenau,privat pkw,1253,1271,1287,1341,1413,1426,1140,1160,1264,1350,1411,1481,1610,1666,1789,1890,1900,1874,1898
altlindenau,privat pkw,3255,3210,3288,3365,3399,3466,3009,3085,3126,3197,3247,3401,3543,3724,3915,4099,4142,4262,4372
neulindenau,privat pkw,1650,1598,1583,1599,1708,1762,1620,1707,1756,1832,1881,1940,1993,2141,2246,2287,2321,2355,2347
leutzsch,privat pkw,3054,3056,3141,3236,3300,3286,3032,3085,3194,3337,3434,3566,3626,3793,3882,3946,3841,3875,3874
bhlitz ehrenberg,privat pkw,4189,4194,4178,4254,4363,4508,4075,4141,4272,4308,4406,4532,4577,4655,4695,4732,4726,4749,4771
burghausen rckmarsdorf,privat pkw,2318,2458,2617,2725,2815,2805,2583,2577,2683,2700,2740,2777,2809,2832,2862,2871,2719,2703,2712
mckern,privat pkw,4291,4372,4381,4398,4371,4470,4032,4151,4204,4239,4325,4470,4556,4568,4677,4803,4917,5054,5203
wahren,privat pkw,2179,2248,2330,2367,2441,2435,2206,2256,2308,2394,2438,2537,2641,2717,2759,2813,2791,2838,2854
ltzschena stahmeln,privat pkw,1885,1944,2003,2045,2087,2138,1952,2003,2007,2067,2091,2108,2114,2110,2172,2188,2158,2178,2236
lindenthal,privat pkw,2798,2880,2930,2978,2956,3068,2907,2920,2973,3056,3146,3197,3235,3290,3370,3480,3394,3439,3468
gohlis sd,privat pkw,4028,4157,4420,4607,4923,5205,4760,4958,5320,5542,5796,5952,6066,6211,6274,6314,6216,6184,6190
gohlis mitte,privat pkw,4364,4502,4749,4906,5045,5168,4741,4869,4982,5199,5416,5613,5852,5987,6112,6132,6197,6287,6326
gohlis nord,privat pkw,3080,3072,3070,3113,3108,3114,2926,2949,2986,3028,3080,3055,3086,3090,3142,3250,3230,3265,3329
eutritzsch,privat pkw,3542,3526,3545,3607,3698,3764,3461,3565,3722,3863,4031,4199,4372,4514,4721,4986,5057,5119,5140
seehausen,privat pkw,1066,1099,1190,1234,1312,1281,1140,1112,1152,1156,1212,1176,1214,1239,1264,1350,1271,1304,1333
wiederitzsch,privat pkw,3360,3490,3624,3764,3943,4096,3769,3912,3990,4140,4210,4296,4383,4448,4475,4485,4365,4402,4452
mitte,privat pkw,12262,12456,12646,12927,13382,14147,13163,13549,14103,14598,15075,15474,15940,16437,16803,17087,16841,17133,17214
nordost,privat pkw,16744,16725,16805,16879,16962,17167,15704,15730,15965,16270,16434,16604,16736,16943,17159,17408,17027,17199,17266
ost,privat pkw,24124,24523,25018,25417,25781,26537,23741,23807,24296,24720,24976,25234,25605,26244,26808,27197,26994,27280,27615
sdost,privat pkw,17776,18182,18649,19165,19404,20063,18396,18656,18950,19251,19667,20068,20378,20789,21184,21579,21282,21725,21985
sd,privat pkw,16931,17094,17384,17445,17894,18398,17416,17946,18545,19009,19418,19796,20172,20490,20736,21007,20702,20706,20824
sdwest,privat pkw,14243,14591,15106,15443,15884,16553,15439,15779,16230,16619,17078,17374,17727,17881,18231,18596,18358,18666,18847
west,privat pkw,21845,21165,20700,20508,20331,20283,18293,17955,17906,17860,17863,17768,17732,17878,17794,17941,17649,17879,18035
alt west,privat pkw,15719,15787,16094,16520,16998,17253,15459,15755,16295,16724,17119,17697,18158,18811,19389,19825,19649,19818,19974
nordwest,privat pkw,11153,11444,11644,11788,11855,12111,11097,11330,11492,11756,12000,12312,12546,12685,12978,13284,13260,13509,13761
nord,privat pkw,19440,19846,20598,21231,22029,22628,20797,21365,22152,22928,23745,24291,24973,25489,25988,26517,26336,26561,26770
stadt leipzig,privat pkw,171777,0,175941,178660,181629,185724,170229,172322,176333,180015,183609,186782,190058,193718,197130,200486,198137,200520,202327
zentrum,privat pkw je 1 000 einwohner,230,234,233,234,236,241,231,233,248 8479263,254 5899633,262 3732856,250 1467998,251 868890166762,252 288329519451,178 712220762155,239 70671178793,204 972375690608,205 866076369673,191 382204812535
zentrum ost,privat pkw je 1 000 einwohner,264,265,253,259,256,264,265,279,293 1750742,295 9213191,295 6255224,293 0666667,285 678391959799,292 747999029833,287 914691943128,286 679087098277,266 910814304179,272 764145203813,266 717181284334
zentrum sdost,privat pkw je 1 000 einwohner,255,255,248,249,248,251,212,209,213 3100843,213 6909373,211 5330255,203 5438028,200 173686495875,195 997645673926,175 892857142857,185 352823328634,180 997084133419,186 887341951982,187 591905328758
zentrum sd,privat pkw je 1 000 einwohner,316,311,314,317,317,321,285,286,289 0477983,295 1917783,293 5950964,300 8500043,304 726056043496,302 580331061344,307 521597844178,306 815538497325,291 139240506329,291 106128550075,289 713347267841
zentrum west,privat pkw je 1 000 einwohner,306,301,292,285,290,299,263,265,273 1424752,283 514292,285 8212147,279 7173732,275 786100540757,278 348517154487,276 944837340877,276 418242491657,268 176835951772,265 84220978516,266 780483421691
zentrum nordwest,privat pkw je 1 000 einwohner,291,305,307,320,318,317,297,295,301 9210245,312 1086703,314 38611,316 1675435,321 727853152434,317 054263565891,321 614834846436,316 37337413925,304 640718562874,308 32863320173,308 580548253849
zentrum nord,privat pkw je 1 000 einwohner,309,296,296,310,314,313,288,289,291 1080711,296 7733369,293 3926302,290 5762379,297 898338220919,306 861348528015,308 091885028281,299 676447617985,288 777620550778,288 794971824881,289 114532154165
schnefeld abtnaundorf,privat pkw je 1 000 einwohner,327,326,329,331,334,341,298,302,304 9005536,309 6180487,310 9993357,306 4501246,306 074975395902,306 191761734738,297 489263296994,294 510739856802,288 786362214576,287 797390636992,283 81053914103
schnefeld ost,privat pkw je 1 000 einwohner,379,382,282,393,394,406,383,385,387 8152637,392 4274202,384 8199446,378 5335689,369 532100108814,367 431693989071,356 855265946175,348 179386957416,333 434038267875,329 568374344494,330 423307278449
mockau sd,privat pkw je 1 000 einwohner,347,350,356,361,366,370,334,337,338 8888889,338 319621,343 2727273,350 0837521,353 322139601823,345 500459136823,343 792325056433,346 305203323131,346 899637758363,351 271809964263,349 657605312305
mockau nord,privat pkw je 1 000 einwohner,414,418,426,430,439,444,409,411,415 3395213,417 4672489,417 6436671,420 0132288,421 072471963057,422 861934041364,413 402248821182,412 824207492795,398 40781617514,401 152322650342,402 67913332734
thekla,privat pkw je 1 000 einwohner,402,411,424,430,433,454,424,428,438 1920494,442 4538545,440 9620991,446 6764061,440 742074927954,442 605445808863,445 591322603219,441 660947151682,421 455287317239,432 353946019816,433 853459972863
plauig portitz,privat pkw je 1 000 einwohner,573,576,575,565,573,580,538,538,556 0521415,555 2641439,569 8027314,575 3162131,585 021016431028,590 909090909091,597 243491577335,594 951017332329,573 814041745731,572 556390977444,566 14715476622
neustadt neuschnefeld,privat pkw je 1 000 einwohner,267,256,247,247,239,240,200,198,203 0990592,209 1741096,203 9753401,196 4821107,195 328687135054,199 144053906392,195 225326528847,191 758598312784,188 381808150075,185 107863604732,186 64435655613
volkmarsdorf,privat pkw je 1 000 einwohner,272,260,249,245,254,259,200,197,201 0575187,197 1666233,195 4225352,187 7884274,186 435015035082,178 524705645567,163 588390501319,160 060718502277,153 991795519091,158 363399094189,164 414756338242
anger crottendorf,privat pkw je 1 000 einwohner,303,316,320,313,311,320,285,277,284 4036697,291 0092132,293 0890924,296 3757019,295 463589335456,289 166903611032,285 105224963716,287 140081257728,278 753925812749,279 800625158402,275 358712780957
sellerhausen stnz,privat pkw je 1 000 einwohner,367,367,376,380,378,382,354,357,362 5753999,373 1658956,375 9090308,370 8798339,368 849332485696,376 555257379849,370 689655172414,363 933318314936,358 347107438017,354 567048153746,356 639624252775
paunsdorf,privat pkw je 1 000 einwohner,373,369,363,373,374,385,344,347,349 3012534,357 0957096,356 2996511,349 8970891,347 504621072089,337 674621653085,328 590642032986,319 370643847906,320 884039725836,320 016703786192,321 022132234867
heiterblick,privat pkw je 1 000 einwohner,346,361,410,417,425,443,423,438,454 9822964,460 7967521,471 6455696,487 2122762,527 83162558848,490 859481582538,492 003252914069,495 825478050094,488 853075476766,492 656875834446,497 444175410277
mlkau,privat pkw je 1 000 einwohner,462,479,504,508,518,531,490,491,502 6684456,514 8764498,518 5122283,520 5316067,525 11961722488,531 675749318801,532 239155920281,527 726894254788,507 764234429788,504 658901830283,502 904564315353
engelsdorf,privat pkw je 1 000 einwohner,389,420,441,459,472,491,450,457,469 8618413,475 1017477,478 8982149,484 3823391,473 416864205892,489 371124889283,489 02216986184,490 40195142645,478 856778580535,493 864370290635,497 525817555938
baalsdorf,privat pkw je 1 000 einwohner,431,469,490,493,504,518,488,498,504 5427014,527 2292041,538 0530973,544 490277,558 789289871944,546 43261608154,548 549107142857,541 620421753607,530 3197353914,534 231805929919,552 788305360043
althen kleinpsna,privat pkw je 1 000 einwohner,490,493,497,529,536,538,500,515,533 6787565,539 1180654,547 9323308,559 2808552,550 883898709986,559 81308411215,559 645852749301,559 39226519337,550 298576022049,554 924242424242,568 277803847959
reudnitz thonberg,privat pkw je 1 000 einwohner,268,268,269,270,263,270,243,244,250,251 7726375,247 5878895,244 8576161,241 61526100254,241 240839273165,240 144066971673,240 861339544612,234 613096600009,233 08608676107,230 48705029612
sttteritz,privat pkw je 1 000 einwohner,344,349,353,362,365,373,343,345,352 8827038,357 4730354,361 3376276,360 4534845,362 046377571073,361 784984678243,356 917947768105,357 836924376848,346 942382467303,350 231998625193,352 074890119299
probstheida,privat pkw je 1 000 einwohner,388,392,399,415,426,427,398,402,409 8106713,420 6571129,416 5077163,416 7507568,414 55329023703,412 644238582805,414 251781472684,414 368084774817,407 33353789506,408 743503515744,406 957564852302
meusdorf,privat pkw je 1 000 einwohner,450,461,479,498,503,519,458,460,462 7598152,470 7415991,484 4665885,484 8042081,489 411764705882,488 004681100059,475 914103308183,485 06151142355,472 344161545215,475 198121514529,490 324501339684
liebertwolkwitz,privat pkw je 1 000 einwohner,434,460,477,490,500,514,479,480,487 5437914,492 6184926,499 8052201,502 4885145,504 6551397,506 679389312977,512 301286903861,513 584905660377,489 187173750932,498 416247438047,509 374419899759
holzhausen,privat pkw je 1 000 einwohner,555,548,549,552,563,582,521,518,527 7417262,529 6900489,531 8327974,536 545925,541 901238539489,550 175215036636,552 996845425867,553 198127925117,523 757763975155,525 212636695018,527 450980392157
sdvorstadt,privat pkw je 1 000 einwohner,302,299,301,301,299,296,275,277,280 7498651,287 8504673,287 8899003,290 3691133,291 873203648936,291 726544857319,290 095383748541,292 926057888626,283 865129637644,276 805378462965,277 4895268842
connewitz,privat pkw je 1 000 einwohner,295,294,294,290,295,300,279,280,286 6461101,288 8888889,291 1974259,293 7383336,296 978465305214,297 078725862354,297 235895494131,301 638291037584,296 392988438382,296 382115961873,294 391556291391
marienbrunn,privat pkw je 1 000 einwohner,386,388,389,393,401,404,373,381,388 3633768,394 2101501,393 5037274,393 9500528,389 221556886228,390 907582545213,392 227893956858,386 419550598655,373 03770836705,375 706670973995,381 714285714286
lnig,privat pkw je 1 000 einwohner,340,339,339,342,346,351,328,327,333 5189826,340 2320186,337 4850078,336 7375104,334 249839611401,332 184012340078,328 149018898635,328 456606159126,323 28990228013,320 304706629183,324 393828067597
dlitz dsen,privat pkw je 1 000 einwohner,344,342,366,377,409,423,391,413,424 143964,433 0125833,424,415 7906509,420 286659316428,432 622554407562,427 122940430925,440 811965811966,435 59718969555,445 310807883907,444 154715341156
schleuig,privat pkw je 1 000 einwohner,319,320,326,322,329,337,311,306,309 146951,315 3308672,318 5934568,319 4254995,316 27610393751,312 241981581454,310 646418064721,312 549266908403,297 272018706157,294 035523152098,295 380307979468
plagwitz,privat pkw je 1 000 einwohner,306,297,295,286,286,292,263,270,279 9221263,275 8336085,277 1027671,275 8386219,275 487761617595,269 795723167316,274 905422446406,279 299156391953,271 616660336751,274 122807017544,276 063079094312
kleinzschocher,privat pkw je 1 000 einwohner,302,303,309,307,306,311,282,281,286 828215,291 8805413,297 06728,298 188365,298 750138259042,303 228621291449,299 80944315054,301 154356931249,297 791923612493,305 781033458721,301 738370399145
grozschocher,privat pkw je 1 000 einwohner,389,399,402,415,422,420,395,391,400 6352087,408 3361572,410 6382979,413 0410469,416 238552602189,416 93557360632,422 232034440888,419 234565193552,414 113785557987,416 251354279523,417 327970431569
knautkleeberg knauthain,privat pkw je 1 000 einwohner,460,467,485,499,508,527,493,495,506 8306011,509 7352025,519 2419261,518 611379,520 412056466997,511 484593837535,511 576626240353,512 615719731349,497 567129212471,504 343201560007,508 216999469871
hartmannsdorf knautnaundorf,privat pkw je 1 000 einwohner,519,549,573,598,594,600,535,551,563 5179153,567 5241158,561 5015974,542 8134557,539 325842696629,549 887471867967,536 95652173913,555 808656036446,525 811209439528,546 003016591252,540 059347181009
schnau,privat pkw je 1 000 einwohner,374,382,386,387,388,384,346,354,355 0446999,364 1517662,364 5004421,374 1626794,369 279454722493,360 981308411215,352 582900969998,351 321585903084,343 251401466149,350 243077573452,354 081632653061
grnau ost,privat pkw je 1 000 einwohner,375,378,386,387,392,396,365,365,371 4285714,372 1774194,366 5855637,362 8559749,356 631066648641,345 021413276231,336 30289532294,334 813267171585,321 944977607166,323 037323037323,321 876211396821
grnau mitte,privat pkw je 1 000 einwohner,332,330,331,333,333,334,308,306,308 9670256,313 3094751,316 6409861,313 1236259,308 7026523176,304 333443599074,289 939866731676,274 353876739563,263 960916948516,265 701559020045,271 905114899926
grnau siedlung,privat pkw je 1 000 einwohner,441,469,496,525,538,540,505,504,505 0478902,505 5829655,511 3226969,505 9156379,515 263157894737,520 461699895068,508 71714806141,511 174636174636,490 272373540856,486 271490890429,487 405868605557
lausen grnau,privat pkw je 1 000 einwohner,385,390,395,399,394,399,373,373,378 3436214,383 8603197,382 3709269,377 1150231,375 906627761567,378 084896347483,377 853603054675,368 507509386733,358 408791889173,359 728332175658,356 056553305311
grnau nord,privat pkw je 1 000 einwohner,331,332,328,330,332,341,305,298,307 3734455,313 4213562,318 1235581,313 0040323,312 806334045495,314 178168130489,308 120133481646,291 217078547395,289 139797462461,293 304137374669,289 648944576137
miltitz,privat pkw je 1 000 einwohner,468,462,468,478,493,513,467,479,486 3753213,481 1758638,499 4780793,517 5345377,519 659936238045,521 304576538664,530 883919062833,520 434557682359,526 478149100257,532 50773993808,536 119711042312
lindenau,privat pkw je 1 000 einwohner,260,256,251,257,265,267,208,209,220 6703911,225 375626,223 5778799,225 041787,230 659025787966,229 034918889194,229 771384536347,233 246945575713,230 358874878758,225 919228450874,227 06065318818
altlindenau,privat pkw je 1 000 einwohner,294,283,276,277,279,280,244,249,252 5856496,253 0873971,246 9013763,245 3823954,243 371342217338,239 393160195423,241 428219042921,243 466381563317,239 810097267253,240 397089514355,239 391118655205
neulindenau,privat pkw je 1 000 einwohner,315,306,309,314,330,338,303,313,315 7705449,329 2003594,331 1036789,329 036635,325 653594771242,332 55669462566,335 724962630792,337 116745283019,329 781187837454,334 897610921502,330 144886763258
leutzsch,privat pkw je 1 000 einwohner,374,374,379,386,391,394,361,362,368 057156,381 2842779,385 7126811,384 5158508,383 460236886633,389 34510367481,387 116074990028,386 938615414787,370 752895752896,371 631341709025,370 646766169154
bhlitz ehrenberg,privat pkw je 1 000 einwohner,451,450,443,446,455,463,418,421,432 8267477,437 4936529,443 5719319,453 8808212,453 662404599068,459 571527297858,461 379716981132,464 924346629986,461 163153786105,466 961651917404,467 195456325891
burghausen rckmarsdorf,privat pkw je 1 000 einwohner,513,530,560,577,598,593,546,548,571 4589989,572 519084,581 3706769,583 6485918,586 43006263048,586 578293289147,596 001665972511,600 879028882378,571 098508716656,564 182842830307,566 416040100251
mckern,privat pkw je 1 000 einwohner,349,357,361,362,362,369,329,335,340 2946414,343 0444283,346 4434476,348 8099883,345 88521105375,340 007443245255,337 032499819846,333 495347868352,328 413037670318,325 329900225298,322 886930619337
wahren,privat pkw je 1 000 einwohner,374,378,397,402,421,416,372,382,386 2115127,403 030303,407 6241431,408 4030908,404 06976744186,406 067852338963,409 043736100815,402 950866638017,394 766619519095,397 924845765564,400 730131985397
ltzschena stahmeln,privat pkw je 1 000 einwohner,472,481,494,505,510,521,480,494,499 626587,519 0858865,529 7694451,533 4008097,535 868187579214,539 090444557997,550 709939148073,558 876117496807,536 015896671634,529 283110571081,536 468330134357
lindenthal,privat pkw je 1 000 einwohner,478,492,510,516,519,533,502,500,494 840213,499 9182071,510 1345873,512 0115311,514 063244875258,519 419008525418,524 105754276827,534 233957629721,515 962298570994,520 036292151822,522 68274302939
gohlis sd,privat pkw je 1 000 einwohner,320,316,329,334,346,355,319,322,332 7495622,342 4158171,347 4195289,351 3992207,348 740945153501,348 189258885525,349 273506652564,345 631705714911,334 139654894372,331 635115568188,329 939768669048
gohlis mitte,privat pkw je 1 000 einwohner,351,355,365,373,382,384,350,353,356 9535,365 0983146,368 7112806,369 3249112,374 216651745748,378 468929768001,383 510070904185,374 130567419158,365 928550339534,367 338591878469,366 193921852388
gohlis nord,privat pkw je 1 000 einwohner,374,375,375,381,385,388,369,369,372 6444528,370 7603771,373 9679456,371 9712651,368 301706647571,361 150070126227,361 024933930828,364 717764560655,354 360943499726,349 94640943194,346 518163838868
eutritzsch,privat pkw je 1 000 einwohner,336,339,332,335,345,346,318,321,321 4717568,331 9584085,337 1246968,341 4931685,347 756920139994,345 133419986237,339 738054116292,346 659250504067,347 560137457045,347 687291992121,351 068916057646
seehausen,privat pkw je 1 000 einwohner,490,502,548,566,604,590,524,523,531 3653137,532 4735145,554 1838134,537 2316126,542 448614834674,555 10752688172,502 384737678855,590 034965034965,542 004264392324,545 835077438259,544 748671843073
wiederitzsch,privat pkw je 1 000 einwohner,465,469,476,485,493,506,466,478,488 133105,504 4474229,510 0557306,512 9552239,520 422702445975,525 333648281564,527 090694935218,524 500058472693,508 859874096526,507 727797001153,512 371964552883
mitte,privat pkw je 1 000 einwohner,289,288,285,290,290,294,266,267,272 7114514,279 1364705,278 9910057,276 9891703,277 782618545562,277 886728655959,270 222894085105,272 746137147235,260 983433804956,263 018114829598,262 076945328319
nordost,privat pkw je 1 000 einwohner,389,392,398,407,407,415,381,384,388 235008,390 3925521,389 2744629,388 4885353,386 36993258842,385 611543538623,378 518485837819,374 752432618617,362 415393129284,363 423137876387,362 883564522909
ost,privat pkw je 1 000 einwohner,353,358,363,371,371,380,341,342,349 2109121,356 0420567,356 1893896,352 371111,349 928934565134,345 82998405524,337 896090145958,331 678821434669,322 771188061986,323 073461315269,324 553980678372
sdost,privat pkw je 1 000 einwohner,369,373,378,387,387,396,360,361,367 1626753,370 6677449,369 9586155,368 3012773,367 3697494,366 81076312307,364 437104321497,364 83676264223,351 385265660602,352 667121197364,353 513426595916
sd,privat pkw je 1 000 einwohner,320,318,320,324,324,326,303,306,311 759267,317 3243857,316 7389815,317 8803693,318 829126428425,319 512233155047,318 036809815951,320 683285755721,313 125812989685,310 411513379807,310 982348197485
sdwest,privat pkw je 1 000 einwohner,351,353,357,361,361,366,336,336,342 9694434,345 6099488,348 0901716,347 3410636,346 142580985297,343 363545587219,344 169451209152,345 457923091213,335 446854386318,338 446475195822,338 621581803155
west,privat pkw je 1 000 einwohner,368,372,377,384,384,388,357,356,361 1609754,365 4967768,367 1359573,364 4493672,362 321209644463,359 841394440754,352 405283900739,341 993900114373,332 56076879593,334 562125748503,334 837176488062
alt west,privat pkw je 1 000 einwohner,365,362,361,374,374,377,336,339,347 3821097,352 0693866,351 5772612,351 4517218,349 239320677784,348 56486371301,348 109447376926,348 559171545616,339 202789718093,339 093833413182,337 495564604701
nordwest,privat pkw je 1 000 einwohner,399,407,419,429,429,435,396,402,405 2900723,414 0602987,419 8887295,421 3119803,418 95411741134,417 626917758609,418 69918699187,417 578272350057,406 175335416284,404 521634975296,404 271570845207
nord,privat pkw je 1 000 einwohner,365,367,374,390,390,395,361,365,369 9522362,378 3061363,382 9468116,384 29654,386 321798183871,386 249640102438,384 978890452559,385 47193673591,375 552576790349,374 763665095804,374 82497899748
stadt leipzig,privat pkw je 1 000 einwohner,348,0,353,368,371 175166297118,375,342,342 996928748151,348 788173091568,353 820451083485,354 607258776122,353 070723124078,352 386037905167,351 020437747227,347 153981889456,345 945852673718,335 63371430217,336 151358636887,336 276817115087
zentrum,nutzfahrzeuge,924,869,846,796,743,735,645,626,575,541,507,480,456,442,416,444,429,429,413
zentrum ost,nutzfahrzeuge,1048,753,566,319,225,207,168,196,205,244,259,265,467,344,334,363,356,363,355
zentrum sdost,nutzfahrzeuge,289,278,267,248,214,209,198,212,233,238,254,255,219,225,232,248,266,292,314
zentrum sd,nutzfahrzeuge,366,288,275,281,259,257,307,302,318,317,321,357,271,332,364,410,486,547,615
zentrum west,nutzfahrzeuge,243,220,183,160,155,167,174,193,190,193,199,223,228,225,232,247,253,222,248
zentrum nordwest,nutzfahrzeuge,212,205,208,205,187,178,167,165,169,173,188,191,166,152,146,159,177,167,149
zentrum nord,nutzfahrzeuge,363,350,323,278,264,233,270,271,292,273,267,264,287,210,227,251,242,235,262
schnefeld abtnaundorf,nutzfahrzeuge,196,178,171,159,141,124,119,124,135,129,116,120,106,112,129,134,151,184,176
schnefeld ost,nutzfahrzeuge,499,411,394,353,329,335,345,365,407,417,469,496,487,495,559,586,634,676,739
mockau sd,nutzfahrzeuge,91,86,84,93,98,113,98,98,98,97,101,95,88,95,94,113,135,152,172
mockau nord,nutzfahrzeuge,260,239,261,253,240,236,223,222,223,220,193,186,188,247,263,282,311,305,327
thekla,nutzfahrzeuge,197,201,197,182,174,180,178,185,199,191,197,206,215,196,223,237,254,257,267
plauig portitz,nutzfahrzeuge,246,231,220,228,224,214,228,235,232,231,225,222,224,232,233,233,231,224,226
neustadt neuschnefeld,nutzfahrzeuge,151,149,158,163,152,166,143,147,166,129,126,131,138,148,152,166,203,192,207
volkmarsdorf,nutzfahrzeuge,194,185,189,180,173,185,175,158,172,179,175,171,191,206,209,225,219,259,258
anger crottendorf,nutzfahrzeuge,114,126,130,113,110,110,92,92,98,102,96,99,103,102,113,112,112,125,146
sellerhausen stnz,nutzfahrzeuge,155,159,129,134,124,132,152,183,213,248,263,299,311,351,388,406,418,419,413
paunsdorf,nutzfahrzeuge,346,317,299,292,237,233,257,276,251,273,287,302,309,306,267,257,215,221,226
heiterblick,nutzfahrzeuge,79,84,84,106,106,109,130,130,124,137,148,159,170,183,190,204,232,245,236
mlkau,nutzfahrzeuge,310,386,393,389,368,323,263,272,291,315,311,298,325,349,356,384,395,384,421
engelsdorf,nutzfahrzeuge,475,533,570,600,581,565,517,509,513,490,515,518,496,512,528,561,560,561,570
baalsdorf,nutzfahrzeuge,116,115,122,122,109,106,91,93,95,90,100,105,104,114,114,114,112,113,120
althen kleinpsna,nutzfahrzeuge,245,259,271,263,258,260,240,238,249,239,229,230,229,232,240,257,249,257,233
reudnitz thonberg,nutzfahrzeuge,501,418,395,391,401,413,388,389,392,392,404,401,414,426,383,361,376,399,404
sttteritz,nutzfahrzeuge,320,313,328,304,284,283,272,290,297,330,355,374,366,365,376,393,393,419,432
probstheida,nutzfahrzeuge,135,128,118,121,127,121,91,88,98,102,106,101,108,117,132,128,125,122,126
meusdorf,nutzfahrzeuge,145,141,132,131,119,125,122,129,119,112,110,117,115,117,120,124,122,119,118
liebertwolkwitz,nutzfahrzeuge,191,188,193,209,223,229,244,258,258,263,249,255,247,260,267,278,287,290,293
holzhausen,nutzfahrzeuge,492,422,379,395,368,349,315,298,309,310,298,309,304,324,337,352,362,377,371
sdvorstadt,nutzfahrzeuge,388,369,377,397,341,344,328,329,336,309,287,310,301,320,318,340,355,370,366
connewitz,nutzfahrzeuge,307,315,323,335,279,288,311,346,350,331,308,297,311,312,300,342,361,405,426
marienbrunn,nutzfahrzeuge,110,105,93,93,84,83,83,88,89,84,89,90,90,94,82,85,80,94,87
lnig,nutzfahrzeuge,136,140,140,149,129,134,137,118,107,105,103,99,93,97,94,95,104,106,110
dlitz dsen,nutzfahrzeuge,82,80,81,79,78,80,93,103,113,110,104,101,104,101,98,99,99,107,113
schleuig,nutzfahrzeuge,209,176,173,182,151,147,131,145,147,134,134,134,131,125,131,165,174,182,197
plagwitz,nutzfahrzeuge,394,362,342,309,274,279,263,275,262,250,251,268,289,292,320,341,359,437,469
kleinzschocher,nutzfahrzeuge,150,142,140,151,138,139,105,109,139,165,157,181,161,164,171,171,182,176,195
grozschocher,nutzfahrzeuge,380,335,294,302,296,299,296,298,302,304,295,298,311,326,357,352,370,389,374
knautkleeberg knauthain,nutzfahrzeuge,207,219,237,259,269,302,259,260,264,275,277,277,287,290,305,304,307,303,314
hartmannsdorf knautnaundorf,nutzfahrzeuge,152,167,173,157,147,144,137,141,151,165,159,170,173,189,188,200,205,204,216
schnau,nutzfahrzeuge,120,84,67,75,86,74,80,86,99,99,101,100,105,102,105,100,86,79,79
grnau ost,nutzfahrzeuge,75,66,70,64,64,60,52,50,56,56,50,46,44,43,42,40,41,40,41
grnau mitte,nutzfahrzeuge,133,124,90,82,79,72,66,58,58,48,37,47,51,50,49,46,55,67,67
grnau siedlung,nutzfahrzeuge,122,126,125,129,125,130,132,119,121,131,131,124,119,118,114,118,127,138,132
lausen grnau,nutzfahrzeuge,137,135,121,119,105,102,92,90,87,75,75,75,83,80,77,84,83,88,99
grnau nord,nutzfahrzeuge,64,58,61,53,51,54,44,45,48,43,43,44,42,39,44,32,40,34,46
miltitz,nutzfahrzeuge,109,100,108,110,107,92,89,94,92,88,80,77,71,72,73,77,78,84,82
lindenau,nutzfahrzeuge,134,121,120,114,130,121,89,98,109,113,106,100,105,103,123,129,136,139,157
altlindenau,nutzfahrzeuge,267,236,207,207,184,191,164,159,158,159,164,175,193,204,193,194,221,227,258
neulindenau,nutzfahrzeuge,342,438,482,538,538,562,569,582,569,588,614,617,631,660,652,665,699,718,757
leutzsch,nutzfahrzeuge,337,329,327,315,294,270,267,293,298,287,304,323,336,333,336,353,340,350,355
bhlitz ehrenberg,nutzfahrzeuge,482,410,409,405,390,373,339,347,328,282,264,248,247,255,266,266,307,310,327
burghausen rckmarsdorf,nutzfahrzeuge,181,194,210,227,221,211,200,190,193,206,206,228,257,283,293,300,327,351,346
mckern,nutzfahrzeuge,261,239,222,238,225,215,196,202,221,210,188,184,179,171,181,177,179,180,187
wahren,nutzfahrzeuge,180,178,168,159,162,162,147,144,127,121,130,135,138,141,143,162,168,165,167
ltzschena stahmeln,nutzfahrzeuge,968,1217,1579,1763,1741,1807,2032,1721,1539,1422,1319,1250,1145,1055,1018,1040,1159,1129,1126
lindenthal,nutzfahrzeuge,255,281,294,297,294,283,259,268,285,301,288,294,293,303,314,339,364,385,396
gohlis sd,nutzfahrzeuge,275,304,292,280,254,265,261,238,261,261,244,251,262,286,288,300,301,297,300
gohlis mitte,nutzfahrzeuge,250,228,209,212,202,199,188,184,189,199,199,208,204,210,201,200,214,224,259
gohlis nord,nutzfahrzeuge,65,66,79,84,85,80,77,74,62,59,52,50,55,63,57,42,47,52,60
eutritzsch,nutzfahrzeuge,1127,1069,1013,998,991,1094,1291,1327,1233,1252,1325,1239,1345,1384,1436,1516,1617,1759,1898
seehausen,nutzfahrzeuge,230,240,216,192,210,185,202,206,200,199,179,222,229,254,251,222,217,223,226
wiederitzsch,nutzfahrzeuge,364,346,311,325,313,303,295,323,334,341,363,405,401,475,416,393,409,435,484
mitte,nutzfahrzeuge,3445,2963,2668,2287,2047,1986,1929,1965,1982,1979,1995,2035,2094,1930,1951,2122,2209,2255,2356
nordost,nutzfahrzeuge,1489,1346,1327,1268,1206,1202,1191,1229,1294,1285,1301,1325,1308,1377,1501,1585,1716,1798,1907
ost,nutzfahrzeuge,2185,2313,2345,2362,2218,2189,2060,2098,2172,2202,2250,2312,2376,2503,2557,2686,2715,2776,2830
sdost,nutzfahrzeuge,1784,1610,1545,1551,1522,1520,1432,1452,1473,1509,1522,1557,1554,1609,1615,1636,1665,1726,1744
sd,nutzfahrzeuge,1023,1009,1014,1053,911,929,952,984,995,939,891,897,899,924,892,961,999,1082,1102
sdwest,nutzfahrzeuge,1492,1401,1359,1360,1275,1310,1191,1228,1265,1293,1273,1328,1352,1386,1472,1533,1597,1691,1765
west,nutzfahrzeuge,760,693,642,632,617,584,555,542,561,540,517,513,515,504,504,497,510,530,546
alt west,nutzfahrzeuge,1743,1728,1755,1806,1757,1728,1628,1669,1655,1635,1658,1691,1769,1838,1863,1907,2030,2095,2200
nordwest,nutzfahrzeuge,1664,1915,2263,2457,2422,2467,2634,2335,2172,2054,1925,1863,1755,1670,1656,1718,1870,1859,1876
nord,nutzfahrzeuge,2311,2253,2120,2091,2055,2126,2314,2352,2279,2311,2362,2375,2496,2672,2649,2673,2805,2990,3227
stadt leipzig,nutzfahrzeuge,19396,0,18364,18208,16716,16154,16076,16002,15972,15842,15789,15966,16158,16452,16696,17351,18147,18831,19579
zentrum,kraftrder,20,19,24,25,31,37,35,33,31,33,34,38,36,34,36,41,40,39,40
zentrum ost,kraftrder,30,32,30,26,28,34,36,40,48,57,64,69,76,77,86,88,93,97,106
zentrum sdost,kraftrder,63,78,68,85,112,88,87,78,96,91,88,92,91,105,97,121,136,148,144
zentrum sd,kraftrder,114,124,129,131,141,135,140,162,149,152,159,169,183,192,209,214,231,263,256
zentrum west,kraftrder,76,71,78,86,95,111,103,114,114,119,123,138,137,153,158,163,164,162,166
zentrum nordwest,kraftrder,92,98,114,105,123,142,122,131,137,131,156,171,180,179,199,191,201,209,203
zentrum nord,kraftrder,60,64,72,87,93,96,84,89,104,111,123,142,160,175,188,197,190,190,195
schnefeld abtnaundorf,kraftrder,139,132,139,135,124,128,118,135,142,139,139,151,164,165,169,175,177,207,207
schnefeld ost,kraftrder,95,94,104,102,114,118,108,119,118,121,121,130,129,130,141,147,143,142,144
mockau sd,kraftrder,70,77,64,63,64,61,55,63,65,71,78,84,95,98,98,114,138,151,152
mockau nord,kraftrder,209,225,222,225,226,238,221,244,244,250,253,258,266,270,280,288,285,300,303
thekla,kraftrder,110,121,130,139,150,151,149,153,165,162,167,170,170,175,189,194,196,197,200
plauig portitz,kraftrder,92,103,114,125,128,129,125,126,142,135,136,139,148,150,157,160,157,174,187
neustadt neuschnefeld,kraftrder,96,97,87,80,77,76,79,77,75,94,99,116,120,131,137,142,140,141,151
volkmarsdorf,kraftrder,69,77,67,65,61,53,59,62,69,72,77,76,81,85,90,95,112,117,125
anger crottendorf,kraftrder,119,122,119,122,135,134,122,126,151,157,161,177,182,190,197,208,215,221,234
sellerhausen stnz,kraftrder,94,94,103,105,107,110,118,133,136,143,133,130,140,153,159,160,164,170,183
paunsdorf,kraftrder,228,231,232,223,205,242,214,213,225,222,227,220,214,220,215,223,225,237,240
heiterblick,kraftrder,44,49,51,49,50,54,68,68,69,71,85,94,93,87,89,104,108,109,112
mlkau,kraftrder,113,125,135,152,155,159,158,175,197,209,212,216,211,227,234,233,239,247,259
engelsdorf,kraftrder,139,169,174,192,185,225,211,232,260,287,286,302,309,317,320,320,320,335,347
baalsdorf,kraftrder,38,46,50,61,70,73,63,67,69,66,71,73,84,85,85,80,83,98,112
althen kleinpsna,kraftrder,53,65,64,67,81,80,77,94,104,112,104,115,119,129,143,142,154,164,168
reudnitz thonberg,kraftrder,165,176,181,189,183,201,216,249,244,266,282,292,299,295,287,310,322,333,345
sttteritz,kraftrder,180,189,197,204,208,232,238,255,287,308,306,299,301,320,342,374,380,389,398
probstheida,kraftrder,66,68,77,87,108,116,97,98,107,103,98,106,115,118,127,134,135,163,174
meusdorf,kraftrder,107,113,123,123,127,129,116,116,119,126,138,146,147,148,151,159,159,161,169
liebertwolkwitz,kraftrder,136,142,156,174,173,185,173,187,179,191,208,225,223,236,248,252,271,285,294
holzhausen,kraftrder,203,207,214,219,229,230,223,238,249,260,269,281,282,299,298,298,308,319,331
sdvorstadt,kraftrder,221,250,283,309,324,309,310,355,387,392,414,430,438,464,481,471,482,497,489
connewitz,kraftrder,207,227,239,237,250,276,273,301,308,320,338,366,365,362,370,420,432,441,439
marienbrunn,kraftrder,61,67,71,73,75,75,76,79,83,92,88,105,108,110,115,131,133,129,136
lnig,kraftrder,94,103,105,99,102,97,98,93,104,102,112,115,118,123,124,133,134,142,151
dlitz dsen,kraftrder,93,91,96,94,99,108,102,108,118,127,138,142,156,153,153,157,161,169,171
schleuig,kraftrder,139,147,161,164,177,196,185,203,215,223,229,229,230,230,239,229,229,232,242
plagwitz,kraftrder,128,145,155,152,135,149,132,155,177,204,230,236,267,263,281,305,323,334,345
kleinzschocher,kraftrder,77,84,96,93,98,113,104,124,125,131,145,157,167,186,195,196,197,195,205
grozschocher,kraftrder,122,146,165,179,198,200,183,191,196,217,234,245,253,254,274,281,283,297,309
knautkleeberg knauthain,kraftrder,136,153,166,180,185,199,191,203,195,200,203,208,221,235,246,241,257,274,279
hartmannsdorf knautnaundorf,kraftrder,31,42,49,51,51,60,56,64,65,63,70,76,78,81,78,74,77,84,84
schnau,kraftrder,44,54,57,57,69,80,74,79,85,83,86,74,77,76,71,77,76,81,87
grnau ost,kraftrder,62,60,64,64,63,69,78,80,82,86,95,96,91,100,98,97,96,95,90
grnau mitte,kraftrder,112,116,112,110,119,130,115,114,126,122,116,127,127,133,119,121,118,110,104
grnau siedlung,kraftrder,73,89,93,95,100,105,107,113,122,132,142,145,145,148,143,153,157,163,159
lausen grnau,kraftrder,159,155,148,152,157,157,143,168,176,169,169,167,169,176,196,203,204,205,205
grnau nord,kraftrder,95,97,78,72,78,78,71,76,80,86,78,78,79,75,81,86,85,85,90
miltitz,kraftrder,44,45,45,47,47,59,58,63,69,68,67,70,73,72,68,77,90,89,84
lindenau,kraftrder,53,54,59,68,80,87,77,82,79,88,103,98,110,122,132,132,136,153,153
altlindenau,kraftrder,148,154,143,164,174,169,143,156,170,189,206,210,226,232,269,282,303,308,308
neulindenau,kraftrder,67,79,81,83,95,99,81,88,97,95,101,112,114,138,151,157,166,162,169
leutzsch,kraftrder,143,143,161,161,164,174,167,188,193,221,230,233,223,241,266,273,288,285,307
bhlitz ehrenberg,kraftrder,183,192,207,220,225,264,254,254,284,297,303,311,315,330,341,358,369,381,384
burghausen rckmarsdorf,kraftrder,121,131,136,156,168,175,159,173,163,169,173,188,187,204,205,214,222,221,220
mckern,kraftrder,162,175,183,196,210,215,197,210,221,225,237,250,251,264,275,283,304,305,332
wahren,kraftrder,77,86,89,93,97,101,94,97,119,115,127,137,145,153,173,177,184,182,194
ltzschena stahmeln,kraftrder,84,83,91,109,127,131,127,129,146,154,159,156,165,162,170,172,188,196,204
lindenthal,kraftrder,120,147,164,184,208,209,192,196,208,237,249,249,252,275,283,284,285,287,283
gohlis sd,kraftrder,179,202,209,220,249,255,255,288,313,333,340,365,360,360,376,389,403,396,384
gohlis mitte,kraftrder,172,198,202,204,211,228,232,232,262,266,306,308,328,349,365,369,376,409,426
gohlis nord,kraftrder,75,81,81,87,91,107,103,98,99,108,109,123,127,141,146,141,146,158,154
eutritzsch,kraftrder,177,177,186,190,196,192,204,219,226,228,254,266,295,319,333,333,348,349,354
seehausen,kraftrder,58,66,77,80,86,92,80,83,91,101,108,112,120,123,116,115,130,126,130
wiederitzsch,kraftrder,182,197,205,236,251,262,255,276,291,306,326,334,341,333,342,341,337,344,352
mitte,kraftrder,455,486,515,545,623,643,607,647,679,694,747,819,863,915,973,1015,1055,1108,1110
nordost,kraftrder,715,752,773,789,806,825,776,840,876,878,894,932,972,988,1034,1078,1096,1171,1193
ost,kraftrder,993,1075,1082,1116,1126,1206,1169,1247,1355,1433,1455,1519,1553,1624,1669,1707,1760,1839,1931
sdost,kraftrder,857,895,948,996,1028,1093,1063,1143,1185,1254,1301,1349,1367,1416,1453,1527,1575,1650,1711
sd,kraftrder,676,738,794,812,850,865,859,936,1000,1033,1090,1158,1185,1212,1243,1312,1342,1378,1386
sdwest,kraftrder,633,717,792,819,844,917,851,940,973,1038,1111,1151,1216,1249,1313,1326,1366,1416,1464
west,kraftrder,589,616,597,597,633,678,646,693,740,746,753,757,761,780,776,814,826,828,819
alt west,kraftrder,715,753,787,852,906,968,881,941,986,1059,1116,1152,1175,1267,1364,1416,1484,1510,1541
nordwest,kraftrder,443,491,527,582,642,656,610,632,694,731,772,792,813,854,901,916,961,970,1013
nord,kraftrder,843,921,960,1017,1084,1136,1129,1196,1282,1342,1443,1508,1571,1625,1678,1688,1740,1782,1800
stadt leipzig,kraftrder,6994,0,7886,8243,8641,9018,8637,9248,9798,10230,10704,11153,11486,11939,12413,12807,13211,13659,13974
zentrum,kraftfahrzeuganhnger,0,353,360,361,362,371,380,385,286,257,261,255,238,226,220,210,214,208,208
zentrum ost,kraftfahrzeuganhnger,0,124,107,109,108,100,108,115,114,111,116,91,117,117,132,130,133,134,142
zentrum sdost,kraftfahrzeuganhnger,0,217,203,199,201,203,203,196,200,209,205,191,188,201,206,218,209,211,224
zentrum sd,kraftfahrzeuganhnger,0,167,159,162,152,143,139,148,146,141,147,168,172,188,194,200,216,227,234
zentrum west,kraftfahrzeuganhnger,0,177,156,147,142,130,139,128,124,126,128,133,135,140,159,153,158,159,166
zentrum nordwest,kraftfahrzeuganhnger,0,149,133,129,128,136,142,149,146,155,169,177,174,166,162,180,192,194,192
zentrum nord,kraftfahrzeuganhnger,0,228,218,211,225,217,210,210,209,212,207,208,187,181,189,184,175,176,187
schnefeld abtnaundorf,kraftfahrzeuganhnger,0,236,225,217,205,215,206,203,205,209,209,214,209,204,197,273,351,370,265
schnefeld ost,kraftfahrzeuganhnger,0,507,459,422,391,375,365,388,397,401,401,382,388,395,397,387,397,417,432
mockau sd,kraftfahrzeuganhnger,0,121,118,115,111,104,102,110,101,103,113,113,126,121,124,129,145,137,151
mockau nord,kraftfahrzeuganhnger,0,458,465,462,451,442,439,443,454,454,457,451,480,487,504,511,510,512,529
thekla,kraftfahrzeuganhnger,0,330,334,332,326,328,318,345,375,373,379,379,390,397,416,421,420,438,441
plauig portitz,kraftfahrzeuganhnger,0,284,262,269,280,286,281,301,310,318,330,341,348,353,375,383,392,398,396
neustadt neuschnefeld,kraftfahrzeuganhnger,0,115,116,116,119,122,101,103,103,103,114,112,108,108,106,117,122,128,148
volkmarsdorf,kraftfahrzeuganhnger,0,129,122,122,124,124,128,116,112,109,104,110,115,128,133,123,125,132,142
anger crottendorf,kraftfahrzeuganhnger,0,196,183,161,154,145,143,140,148,150,155,163,164,170,165,169,171,197,206
sellerhausen stnz,kraftfahrzeuganhnger,0,265,250,244,240,253,262,274,275,283,294,288,281,281,302,312,302,320,302
paunsdorf,kraftfahrzeuganhnger,0,357,347,342,332,333,350,341,335,331,347,360,370,370,359,367,360,361,367
heiterblick,kraftfahrzeuganhnger,0,65,71,77,80,82,89,91,98,101,106,112,119,119,118,120,132,148,150
mlkau,kraftfahrzeuganhnger,0,473,507,517,521,524,496,502,524,536,545,556,559,570,584,603,613,606,645
engelsdorf,kraftfahrzeuganhnger,0,528,553,566,588,612,605,616,619,625,622,615,605,637,629,629,668,681,697
baalsdorf,kraftfahrzeuganhnger,0,210,230,205,229,238,236,219,223,221,223,229,239,250,266,293,294,296,306
althen kleinpsna,kraftfahrzeuganhnger,0,279,298,308,317,323,317,302,313,325,325,328,321,314,325,329,342,350,337
reudnitz thonberg,kraftfahrzeuganhnger,0,399,396,369,337,322,291,285,284,290,297,297,312,327,335,327,351,352,355
sttteritz,kraftfahrzeuganhnger,0,455,430,415,390,407,419,438,458,467,490,512,536,554,571,587,595,622,630
probstheida,kraftfahrzeuganhnger,0,219,218,223,231,225,214,226,229,244,244,252,261,269,287,289,294,292,305
meusdorf,kraftfahrzeuganhnger,0,275,274,277,280,288,278,286,294,303,318,338,356,368,373,394,414,417,416
liebertwolkwitz,kraftfahrzeuganhnger,0,325,337,363,380,408,424,442,451,460,480,498,506,513,531,556,580,590,609
holzhausen,kraftfahrzeuganhnger,0,590,598,616,633,626,628,631,653,678,698,726,720,738,763,782,809,840,856
sdvorstadt,kraftfahrzeuganhnger,0,345,321,332,329,329,313,317,316,319,334,362,387,395,398,401,419,425,428
connewitz,kraftfahrzeuganhnger,0,344,314,302,296,293,306,313,316,329,354,370,415,417,422,450,476,489,503
marienbrunn,kraftfahrzeuganhnger,0,204,181,184,182,178,181,178,177,183,185,190,186,192,191,203,213,222,223
lnig,kraftfahrzeuganhnger,0,258,238,244,240,238,230,217,204,196,200,207,209,205,202,207,203,209,223
dlitz dsen,kraftfahrzeuganhnger,0,142,139,150,158,160,164,168,182,187,197,203,200,204,217,212,220,227,237
schleuig,kraftfahrzeuganhnger,0,179,178,175,167,158,134,143,154,160,165,184,189,199,217,253,271,279,300
plagwitz,kraftfahrzeuganhnger,0,224,207,205,212,213,196,251,313,214,230,236,229,227,349,322,278,257,274
kleinzschocher,kraftfahrzeuganhnger,0,160,150,149,149,157,154,151,153,156,166,172,185,199,218,225,227,248,253
grozschocher,kraftfahrzeuganhnger,0,404,401,418,433,443,439,459,472,489,478,477,482,506,540,551,559,580,592
knautkleeberg knauthain,kraftfahrzeuganhnger,0,468,481,486,496,500,484,502,523,546,570,575,578,587,611,630,660,683,692
hartmannsdorf knautnaundorf,kraftfahrzeuganhnger,0,159,171,171,170,174,172,171,172,167,177,193,203,218,233,247,266,271,269
schnau,kraftfahrzeuganhnger,0,150,141,129,144,144,146,149,160,157,154,143,146,149,151,146,146,151,150
grnau ost,kraftfahrzeuganhnger,0,160,153,141,140,144,135,130,129,139,141,135,130,123,121,119,109,113,112
grnau mitte,kraftfahrzeuganhnger,0,269,237,222,208,204,192,195,189,184,186,177,193,193,193,193,192,196,196
grnau siedlung,kraftfahrzeuganhnger,0,239,249,264,274,273,274,273,286,304,327,344,340,345,340,349,364,373,372
lausen grnau,kraftfahrzeuganhnger,0,243,232,239,226,224,213,209,200,201,198,211,233,245,252,271,297,299,312
grnau nord,kraftfahrzeuganhnger,0,171,159,151,145,133,117,115,115,116,122,115,121,121,129,134,140,139,144
miltitz,kraftfahrzeuganhnger,0,141,141,142,139,143,141,145,141,151,148,148,153,153,149,149,159,162,161
lindenau,kraftfahrzeuganhnger,0,88,85,83,82,88,86,90,89,97,101,111,117,121,126,133,127,129,145
altlindenau,kraftfahrzeuganhnger,0,265,237,223,224,212,204,208,222,214,221,238,246,246,260,273,281,299,307
neulindenau,kraftfahrzeuganhnger,0,261,251,244,240,244,276,286,275,277,281,298,296,318,334,333,330,306,304
leutzsch,kraftfahrzeuganhnger,0,315,280,256,247,248,236,237,240,254,259,267,284,304,313,331,354,362,385
bhlitz ehrenberg,kraftfahrzeuganhnger,0,567,529,518,526,537,524,550,566,559,571,578,572,600,599,609,622,611,639
burghausen rckmarsdorf,kraftfahrzeuganhnger,0,301,314,328,329,333,335,337,353,365,406,420,432,447,472,493,504,515,533
mckern,kraftfahrzeuganhnger,0,328,323,332,337,321,323,325,331,337,340,328,332,343,342,342,355,359,374
wahren,kraftfahrzeuganhnger,0,238,234,226,237,251,238,237,240,249,254,249,252,245,248,258,263,278,289
ltzschena stahmeln,kraftfahrzeuganhnger,0,437,444,442,458,448,453,436,430,479,441,456,480,485,496,507,524,568,551
lindenthal,kraftfahrzeuganhnger,0,292,306,313,324,328,316,323,336,353,370,396,411,454,479,509,518,544,574
gohlis sd,kraftfahrzeuganhnger,0,245,253,266,273,269,252,264,273,273,261,278,287,289,284,295,315,328,332
gohlis mitte,kraftfahrzeuganhnger,0,280,283,278,275,263,249,250,259,276,271,273,280,279,278,286,304,308,318
gohlis nord,kraftfahrzeuganhnger,0,242,228,220,210,213,199,197,188,185,183,185,183,186,177,180,185,188,192
eutritzsch,kraftfahrzeuganhnger,0,667,642,645,656,706,808,799,745,827,877,886,898,998,879,889,926,928,938
seehausen,kraftfahrzeuganhnger,0,177,166,181,186,190,209,206,212,205,218,244,249,277,282,301,316,327,325
wiederitzsch,kraftfahrzeuganhnger,0,461,453,477,487,513,532,537,540,565,593,633,647,677,708,720,755,783,800
mitte,kraftfahrzeuganhnger,0,1415,1336,1318,1318,1300,1321,1331,1225,1211,1233,1223,1211,1219,1262,1275,1297,1309,1353
nordost,kraftfahrzeuganhnger,0,1936,1863,1817,1764,1750,1711,1790,1842,1858,1889,1880,1941,1957,2013,2104,2215,2272,2214
ost,kraftfahrzeuganhnger,0,2617,2677,2658,2704,2756,2727,2704,2750,2784,2835,2873,2881,2947,2987,3062,3129,3219,3300
sdost,kraftfahrzeuganhnger,0,2263,2253,2263,2251,2276,2254,2308,2369,2442,2527,2623,2691,2769,2860,2935,3043,3113,3171
sd,kraftfahrzeuganhnger,0,1293,1193,1212,1205,1198,1194,1193,1195,1214,1270,1332,1397,1413,1430,1473,1531,1572,1614
sdwest,kraftfahrzeuganhnger,0,1594,1588,1604,1627,1645,1579,1677,1787,1732,1786,1837,1866,1936,2168,2228,2261,2318,2380
west,kraftfahrzeuganhnger,0,1373,1312,1288,1276,1265,1218,1216,1220,1252,1276,1273,1316,1329,1335,1361,1407,1433,1447
alt west,kraftfahrzeuganhnger,0,1797,1696,1652,1648,1662,1661,1708,1745,1766,1839,1912,1947,2036,2104,2172,2218,2222,2313
nordwest,kraftfahrzeuganhnger,0,1295,1307,1313,1356,1348,1330,1321,1337,1418,1405,1429,1475,1527,1565,1616,1660,1749,1788
nord,kraftfahrzeuganhnger,0,2072,2025,2067,2087,2154,2249,2253,2217,2331,2403,2499,2544,2706,2608,2671,2801,2862,2905
stadt leipzig,kraftfahrzeuganhnger,0,0,17913,17836,17603,17478,17418,17650,17828,18130,18585,18881,19308,19877,20371,20933,21598,22102,22517
